상권_변화_지표_명,상권_코드_명,상권_구분_코드_명,운영_영업_개월_평균,폐업_영업_개월_평균,부산_운영_영업_개월_평균,부산_폐업_영업_개월_평균,지역구
전통상권,해운대시장,상권확장,0,120,50,44,해운대구
전통상권,학장반도보라상가,다이나믹,30,1,50,44,사상구
전통상권,하이타운상가백화점,다이나믹,26,36,50,44,남구
전통상권,하단시장,상권축소,57,21,50,44,사하구
전통상권,충렬상가시장,상권축소,80,0,50,44,동래구
전통상권,초읍시장,다이나믹,47,1,50,44,부산진구
전통상권,초량시장,정체,77,146,50,44,동구
전통상권,청학시장,상권축소,63,0,50,44,영도구
전통상권,창곡종합시장,상권확장,0,116,50,44,부산진구
전통상권,주례현대무지개상가,다이나믹,26,20,50,44,사상구
전통상권,주례럭키종합상가,다이나믹,47,26,50,44,사상구
전통상권,좌동재래시장,상권축소,104,19,50,44,해운대구
전통상권,종합새시장,상권확장,25,54,50,44,부산진구
전통상권,재송한마음시장,상권축소,174,27,50,44,해운대구
전통상권,재송시장,다이나믹,44,32,50,44,해운대구
전통상권,장전상가시장,다이나믹,32,22,50,44,금정구
전통상권,장성시장,다이나믹,16,11,50,44,금정구
전통상권,장산시장,상권확장,0,46,50,44,해운대구
전통상권,장림시장,정체,86,80,50,44,사하구
전통상권,장림골목시장,다이나믹,0,24,50,44,사하구
전통상권,자유시장,다이나믹,32,25,50,44,동구
전통상권,월드밸리,상권확장,21,56,50,44,중구
전통상권,우일시장,상권축소,55,21,50,44,해운대구
전통상권,우신종합상가,다이나믹,39,23,50,44,동래구
전통상권,우동종합상가시장,다이나믹,17,33,50,44,해운대구
전통상권,용호시장,상권축소,55,30,50,44,남구
전통상권,용호삼성시장,다이나믹,41,28,50,44,남구
전통상권,용호골목시장,다이나믹,14,0,50,44,남구
전통상권,온천인정시장,상권확장,0,129,50,44,동래구
전통상권,온천시장,상권확장,25,75,50,44,동래구
전통상권,온천로터리종합시장,상권확장,0,123,50,44,동래구
전통상권,영주시장,정체,170,98,50,44,중구
전통상권,영남종합시장,다이나믹,19,0,50,44,연제구
전통상권,연천시장,다이나믹,48,29,50,44,연제구
전통상권,연일시장,다이나믹,27,0,50,44,연제구
전통상권,연일골목시장상점가,상권확장,6,66,50,44,연제구
전통상권,연동시장,다이나믹,14,36,50,44,연제구
전통상권,에덴시장,상권축소,71,24,50,44,사하구
전통상권,에덴골목시장,상권확장,0,48,50,44,사하구
전통상권,양정전통시장,상권확장,23,166,50,44,부산진구
전통상권,양정시장,다이나믹,28,31,50,44,부산진구
전통상권,안락상가시장,상권축소,54,7,50,44,동래구
전통상권,아리랑거리,상권축소,71,0,50,44,중구
전통상권,신평종합시장,정체,163,165,50,44,사하구
전통상권,신천지시장,상권축소,68,31,50,44,중구
전통상권,신창상가,다이나믹,19,4,50,44,중구
전통상권,신정시장,상권확장,30,77,50,44,동래구
전통상권,신동아수산물종합시장,상권축소,131,37,50,44,중구
전통상권,수정시장,정체,106,91,50,44,동구
전통상권,수영팔도시장,상권확장,0,126,50,44,수영구
전통상권,수영로타리시장,상권확장,17,63,50,44,수영구
전통상권,수영건설시장,정체,65,51,50,44,수영구
전통상권,수양시장,상권확장,0,45,50,44,부산진구
전통상권,수안인정시장,다이나믹,0,12,50,44,동래구
전통상권,세흥시장,다이나믹,5,3,50,44,수영구
전통상권,성곡종합시장,상권축소,83,5,50,44,부산진구
전통상권,서원시장,다이나믹,45,42,50,44,동래구
전통상권,서면중앙시장,다이나믹,29,33,50,44,부산진구
전통상권,서면종합시장,다이나믹,32,26,50,44,부산진구
전통상권,서면시장,상권확장,14,254,50,44,부산진구
전통상권,서동향토시장,정체,85,64,50,44,금정구
전통상권,서동전통골목시장,상권확장,0,98,50,44,금정구
전통상권,서동시장,다이나믹,11,30,50,44,금정구
전통상권,새영주시장,상권축소,367,0,50,44,중구
전통상권,새당감시장,상권확장,5,82,50,44,부산진구
전통상권,새감만종합시장,상권확장,0,164,50,44,남구
전통상권,삼익비치B상가시장,다이나믹,50,25,50,44,수영구
전통상권,삼익비치A 상가시장,상권축소,69,14,50,44,수영구
전통상권,사하시장,다이나믹,38,1,50,44,사하구
전통상권,사직시장,다이나믹,28,0,50,44,동래구
전통상권,북부산시장,상권확장,0,200,50,44,북구
전통상권,부평깡통시장,상권축소,288,0,50,44,중구
전통상권,부전농수산물새벽시장,다이나믹,0,0,50,44,부산진구
전통상권,부전기장골목시장,상권확장,0,278,50,44,부산진구
전통상권,부산평화시장,상권확장,33,45,50,44,부산진구
전통상권,부산진시장,다이나믹,32,11,50,44,동구
전통상권,부산역지하도상가,다이나믹,32,2,50,44,동구
전통상권,부산새벽시장,상권확장,16,46,50,44,사상구
전통상권,부산산업용품상협동조합,다이나믹,44,20,50,44,사상구
전통상권,부산산업용재유통상가,다이나믹,24,17,50,44,사상구
전통상권,부산데파트,상권축소,68,28,50,44,중구
전통상권,부산남문시장,다이나믹,32,11,50,44,동구
전통상권,부산광역시철강판매협동조합,상권확장,0,79,50,44,강서구
전통상권,부산광역시건축자재판매협동조합,상권축소,60,9,50,44,강서구
전통상권,부곡시장,상권축소,91,24,50,44,금정구
전통상권,복이 있는 덕포시장,상권확장,24,72,50,44,사상구
전통상권,보수종합시장,다이나믹,34,23,50,44,중구
전통상권,범일골목시장,상권확장,0,65,50,44,동구
전통상권,반여시장,상권확장,16,204,50,44,해운대구
전통상권,반송시장,다이나믹,12,31,50,44,해운대구
전통상권,반송골목시장,다이나믹,6,6,50,44,해운대구
전통상권,반송2동시장,상권확장,0,140,50,44,해운대구
전통상권,민락회타운시장,정체,215,62,50,44,수영구
전통상권,민락어패류시장,상권축소,172,33,50,44,수영구
전통상권,민락씨랜드시장,상권축소,64,42,50,44,수영구
전통상권,명지시장,정체,279,89,50,44,강서구
전통상권,명장시장,다이나믹,25,33,50,44,동래구
전통상권,망미중앙시장,상권축소,174,0,50,44,수영구
전통상권,망미종합시장,다이나믹,48,21,50,44,수영구
전통상권,망미새상가시장,다이나믹,9,35,50,44,수영구
전통상권,망미삼성상가시장,다이나믹,18,34,50,44,수영구
전통상권,만덕시장,다이나믹,9,25,50,44,북구
전통상권,만덕2동 제일상가 시장,다이나믹,33,18,50,44,북구
전통상권,동평새시장,상권축소,397,0,50,44,부산진구
전통상권,동방시장,상권축소,51,20,50,44,수영구
전통상권,동래시장,상권확장,0,277,50,44,동래구
전통상권,덕천시장,상권축소,63,33,50,44,북구
전통상권,덕두시장,다이나믹,0,0,50,44,강서구
전통상권,대연중앙시장,정체,82,137,50,44,남구
전통상권,대연시장,상권축소,68,37,50,44,남구
전통상권,대연삼익상가시장,상권확장,27,73,50,44,남구
전통상권,대신시장,다이나믹,0,8,50,44,서구
전통상권,당리시장,정체,52,70,50,44,사하구
전통상권,당감새시장,상권확장,0,222,50,44,부산진구
전통상권,다대씨-파크,상권축소,136,32,50,44,사하구
전통상권,남포지하도상가,상권축소,477,0,50,44,중구
전통상권,남천해변시장,다이나믹,21,0,50,44,수영구
전통상권,남광골목시장,상권확장,0,177,50,44,남구
전통상권,기장시장,상권축소,84,0,50,44,기장군
전통상권,금정상가시장,상권확장,0,69,50,44,금정구
전통상권,금사제일상가시장,상권확장,26,106,50,44,금정구
전통상권,금강시장,다이나믹,33,12,50,44,동래구
전통상권,국제상가,다이나믹,27,25,50,44,서구
전통상권,국민시장,다이나믹,41,30,50,44,동래구
전통상권,구포축산물도매시장,상권확장,0,142,50,44,북구
전통상권,구포시장,상권축소,178,14,50,44,북구
전통상권,구서오시게시장,다이나믹,29,15,50,44,금정구
전통상권,구덕대림상가,상권축소,56,35,50,44,사상구
전통상권,괴정골목시장,상권축소,61,0,50,44,사하구
전통상권,광안종합시장,다이나믹,14,37,50,44,수영구
전통상권,광안어패류시장,상권축소,172,33,50,44,수영구
전통상권,광안시장,다이나믹,37,37,50,44,수영구
전통상권,골드테마거리,다이나믹,0,30,50,44,부산진구
전통상권,고려쇼핑센터,상권확장,24,91,50,44,사상구
전통상권,경동인츠빌,다이나믹,12,34,50,44,사상구
전통상권,건어물시장,다이나믹,9,0,50,44,중구
전통상권,개금큰시장,상권축소,54,14,50,44,부산진구
전통상권,개금골목시장,상권확장,0,78,50,44,부산진구
전통상권,감천시장,상권확장,44,48,50,44,사하구
전통상권,감천2동시장,상권축소,115,2,50,44,사하구
전통상권,감전제일상가,상권확장,49,45,50,44,사상구
전통상권,감만시장,정체,85,47,50,44,남구
전통상권,가야벽산상가,다이나믹,21,21,50,44,부산진구
전통상권,가락타운상가시장,다이나믹,22,4,50,44,사하구
전통상권,가남종합시장,상권축소,101,0,50,44,부산진구
전통상권,㈜르네시떼,다이나믹,22,23,50,44,사상구
골목상권,황령대로492번길,다이나믹,42,32,50,44,남구
골목상권,황령대로489번길,상권축소,115,30,50,44,남구
골목상권,황령대로319번가길,상권축소,54,15,50,44,남구
골목상권,해운대해변로265번길,정체,66,49,50,44,해운대구
골목상권,해운대로81번길,상권축소,56,18,50,44,해운대구
골목상권,해운대로76번길,다이나믹,29,13,50,44,해운대구
골목상권,해운대로570번길,다이나믹,36,27,50,44,해운대구
골목상권,해운대로483번길,다이나믹,45,23,50,44,해운대구
골목상권,해운대로161번길,상권축소,62,36,50,44,해운대구
골목상권,해운대로143번길,상권축소,102,29,50,44,해운대구
골목상권,학감대로123번길,다이나믹,48,19,50,44,사상구
골목상권,충장대로9번길,상권축소,135,36,50,44,중구
골목상권,충장대로5번길,정체,134,47,50,44,중구
골목상권,충무시장길,상권축소,125,36,50,44,서구
골목상권,충렬대로459번길,상권축소,79,31,50,44,동래구
골목상권,충렬대로428번길,상권축소,66,27,50,44,동래구
골목상권,충렬대로410번길,상권축소,58,28,50,44,동래구
골목상권,충렬대로359번길,상권축소,132,31,50,44,동래구
골목상권,충렬대로237번길,정체,91,48,50,44,동래구
골목상권,충렬대로181번길,상권축소,94,21,50,44,동래구
골목상권,충렬대로108번길,상권축소,105,15,50,44,동래구
골목상권,충렬대로107번길,정체,57,53,50,44,동래구
골목상권,초량로13번길,정체,143,83,50,44,동구
골목상권,진성로9번길,상권축소,222,32,50,44,동구
골목상권,진남로36번길,다이나믹,50,20,50,44,남구
골목상권,중앙대로680번가길,상권축소,91,26,50,44,부산진구
골목상권,중앙대로371번길,정체,98,46,50,44,동구
골목상권,중앙대로286번길,상권축소,106,20,50,44,동구
골목상권,중앙대로214번길,상권축소,115,24,50,44,동구
골목상권,중앙대로196번길,정체,90,63,50,44,동구
골목상권,중앙대로1945번길,상권축소,82,39,50,44,금정구
골목상권,중앙대로1841번길,다이나믹,46,18,50,44,금정구
골목상권,중앙대로180번길,정체,94,56,50,44,동구
골목상권,중앙대로1381번길,다이나믹,50,29,50,44,동래구
골목상권,중앙대로1367번길,상권축소,111,21,50,44,동래구
골목상권,중앙대로1038번길,정체,70,72,50,44,연제구
골목상권,중구로33번길,상권축소,92,23,50,44,중구
골목상권,주례로10번길,상권축소,107,28,50,44,사상구
골목상권,좌동순환로8번길,다이나믹,37,25,50,44,해운대구
골목상권,좌동순환로433번길,다이나믹,29,8,50,44,해운대구
골목상권,좌동로91번길,상권축소,85,22,50,44,해운대구
골목상권,좌동로10번길,상권축소,74,34,50,44,해운대구
골목상권,제석로18번길,상권축소,88,35,50,44,사하구
골목상권,절영로49번길,정체,108,49,50,44,영도구
골목상권,절영로35번길,정체,137,59,50,44,영도구
골목상권,절영로13번길,정체,104,72,50,44,영도구
골목상권,전포대로275번길,다이나믹,30,21,50,44,부산진구
골목상권,전포대로186번길,다이나믹,33,41,50,44,부산진구
골목상권,전포대로176번길,다이나믹,44,30,50,44,부산진구
골목상권,재반로64번길,상권축소,70,1,50,44,해운대구
골목상권,재반로242번길,상권축소,81,42,50,44,해운대구
골목상권,재반로125번길,다이나믹,38,17,50,44,해운대구
골목상권,장평로41번길,다이나믹,50,19,50,44,사하구
골목상권,장림시장5길,상권축소,82,41,50,44,사하구
골목상권,장림번영로104번길,다이나믹,40,5,50,44,사하구
골목상권,의성로122번길,상권축소,80,5,50,44,북구
골목상권,의성로115번길,상권축소,69,33,50,44,북구
골목상권,윤공단로14번길,상권축소,94,34,50,44,사하구
골목상권,유통단지1로57번길,다이나믹,46,3,50,44,강서구
골목상권,유엔평화로4번길,정체,96,58,50,44,남구
골목상권,유엔로157번길,상권축소,63,11,50,44,남구
골목상권,월드컵대로145번길,상권축소,82,21,50,44,연제구
골목상권,월드컵대로111번길,상권축소,135,38,50,44,연제구
골목상권,우암로2번길,다이나믹,32,12,50,44,남구
골목상권,우암로154번길,다이나믹,52,44,50,44,남구
골목상권,우동1로38번길,다이나믹,46,17,50,44,해운대구
골목상권,우동1로20번가길,상권축소,53,33,50,44,해운대구
골목상권,용호로42번길,상권축소,69,25,50,44,남구
골목상권,용호로232번길,상권축소,75,12,50,44,남구
골목상권,용호로216번가길,다이나믹,29,8,50,44,남구
골목상권,용호로198번길,상권축소,83,20,50,44,남구
골목상권,용호로159번길,상권축소,65,22,50,44,남구
골목상권,용소로7번길,상권축소,79,39,50,44,남구
골목상권,용소로21번길,다이나믹,49,17,50,44,남구
골목상권,용소로19번길,상권축소,57,25,50,44,남구
골목상권,용소로13번길,상권축소,69,27,50,44,남구
골목상권,온천천로471번가길,다이나믹,38,21,50,44,동래구
골목상권,온천천로431번길,다이나믹,35,8,50,44,동래구
골목상권,온천장로119번길,상권축소,95,41,50,44,동래구
골목상권,온천장로107번길,상권축소,99,31,50,44,동래구
골목상권,연안로13번길,상권축소,52,23,50,44,연제구
골목상권,여고로113번길,상권축소,88,17,50,44,동래구
골목상권,양지로5번길,상권축소,132,39,50,44,부산진구
골목상권,양운로37번길,다이나믹,33,13,50,44,해운대구
골목상권,안연로8번길,상권축소,100,25,50,44,연제구
골목상권,아시아드대로195번길,상권축소,53,19,50,44,동래구
골목상권,신호산단2로49번길,다이나믹,25,14,50,44,강서구
골목상권,신천대로65번길,상권축소,113,17,50,44,부산진구
골목상권,신천대로62번길,정체,58,69,50,44,부산진구
골목상권,신천대로50번길,다이나믹,43,40,50,44,부산진구
골목상권,시민공원로19번길,다이나믹,50,28,50,44,부산진구
골목상권,승학로71번길,다이나믹,33,9,50,44,사하구
골목상권,승학로3번길,다이나믹,39,27,50,44,사하구
골목상권,수영로741번길,다이나믹,35,18,50,44,수영구
골목상권,수영로725번길,상권축소,107,34,50,44,수영구
골목상권,수영로705번길,상권축소,63,39,50,44,수영구
골목상권,수영로606번길,상권축소,55,29,50,44,수영구
골목상권,수영로594번길,상권축소,68,10,50,44,수영구
골목상권,수영로540번길,다이나믹,46,35,50,44,수영구
골목상권,수영로408번길,다이나믹,21,18,50,44,수영구
골목상권,수영로334번길,상권축소,68,24,50,44,남구
골목상권,수영로325번길,다이나믹,36,16,50,44,남구
골목상권,수영로266번길,상권축소,59,35,50,44,남구
골목상권,수영로250번길,상권축소,55,40,50,44,남구
골목상권,수영로219번길,상권축소,93,25,50,44,남구
골목상권,수영로196번길,상권축소,106,23,50,44,남구
골목상권,선수촌로21번길,상권축소,55,17,50,44,해운대구
골목상권,서포로30번길,다이나믹,24,1,50,44,사하구
골목상권,서전로68번길,다이나믹,37,2,50,44,부산진구
골목상권,서전로58번길,다이나믹,30,15,50,44,부산진구
골목상권,서전로46번길,다이나믹,29,7,50,44,부산진구
골목상권,서전로38번길,다이나믹,30,17,50,44,부산진구
골목상권,서전로37번길,다이나믹,28,7,50,44,부산진구
골목상권,서전로10번길,상권축소,51,21,50,44,부산진구
골목상권,새싹로8번길,정체,126,68,50,44,부산진구
골목상권,새싹로14번길,상권축소,95,31,50,44,부산진구
골목상권,새벽로202번길,상권축소,159,33,50,44,사상구
골목상권,삼덕로46번길,상권축소,117,29,50,44,사상구
골목상권,산성로12번길,정체,71,50,50,44,북구
골목상권,사하로141번길,상권축소,54,27,50,44,사하구
골목상권,사직북로57번길,상권축소,117,12,50,44,동래구
골목상권,사직북로28번길,상권축소,62,32,50,44,동래구
골목상권,사직북로13번길,상권축소,110,34,50,44,동래구
골목상권,사직로70번길,다이나믹,41,15,50,44,동래구
골목상권,사상로531번길,상권축소,151,39,50,44,사상구
골목상권,사상로342번길,상권축소,73,5,50,44,사상구
골목상권,사상로309번길,상권축소,128,31,50,44,사상구
골목상권,사상로277번길,상권축소,106,24,50,44,사상구
골목상권,사상로224번길,상권축소,77,40,50,44,사상구
골목상권,사상로212번길,상권축소,120,24,50,44,사상구
골목상권,사상로202번길,상권축소,133,22,50,44,사상구
골목상권,부평2길,정체,137,52,50,44,중구
골목상권,부평1길,상권축소,107,21,50,44,중구
골목상권,부전로152번길,상권축소,101,35,50,44,부산진구
골목상권,부산대학로63번길,상권축소,70,28,50,44,금정구
골목상권,복천로5번길,다이나믹,45,7,50,44,동래구
골목상권,복지로13번길,다이나믹,43,41,50,44,부산진구
골목상권,범일로89번길,정체,192,46,50,44,동구
골목상권,범일로131번길,상권축소,66,41,50,44,동구
골목상권,범일로102번길,상권축소,94,27,50,44,동구
골목상권,백양산로53번길,다이나믹,35,16,50,44,부산진구
골목상권,백양대로934번길,다이나믹,41,10,50,44,부산진구
골목상권,백양대로494번길,상권축소,61,16,50,44,부산진구
골목상권,백양대로1015번길,상권축소,85,23,50,44,부산진구
골목상권,백양관문로77번길,다이나믹,28,25,50,44,부산진구
골목상권,무학로9번길,상권축소,103,30,50,44,수영구
골목상권,못골로41번길,상권축소,56,22,50,44,남구
골목상권,못골로12번길,상권축소,93,30,50,44,남구
골목상권,모라로110번길,상권축소,96,28,50,44,사상구
골목상권,명지국제12로11번길,다이나믹,14,2,50,44,강서구
골목상권,명장로20번길,상권축소,101,27,50,44,동래구
골목상권,명안로86번길,상권축소,81,28,50,44,동래구
골목상권,명륜로98번길,정체,113,48,50,44,동래구
골목상권,명륜로94번길,상권축소,155,34,50,44,동래구
골목상권,명륜로139번길,상권축소,101,8,50,44,동래구
골목상권,명륜로129번길,상권축소,92,38,50,44,동래구
골목상권,명륜로112번길,정체,51,48,50,44,동래구
골목상권,망미번영로38번길,상권축소,51,35,50,44,수영구
골목상권,망미로22번길,상권축소,72,25,50,44,수영구
골목상권,만덕3로16번길,다이나믹,49,21,50,44,북구
골목상권,만덕2로44번길,상권축소,75,22,50,44,북구
골목상권,동평로405번길,상권축소,75,28,50,44,부산진구
골목상권,동평로291번길,다이나믹,43,14,50,44,부산진구
골목상권,동평로150번길,다이나믹,29,1,50,44,부산진구
골목상권,동명로158번길,상권축소,88,23,50,44,남구
골목상권,동명로146번길,다이나믹,50,32,50,44,남구
골목상권,동명로145번길,상권축소,96,31,50,44,남구
골목상권,동명로132번길,상권축소,112,41,50,44,남구
골목상권,동래시장길,다이나믹,21,11,50,44,동래구
골목상권,동광길,상권축소,112,35,50,44,중구
골목상권,덕천로276번길,다이나믹,23,4,50,44,북구
골목상권,덕천2길,상권축소,109,15,50,44,북구
골목상권,덕천1길,상권축소,90,35,50,44,북구
골목상권,대천로67번길,상권축소,51,14,50,44,해운대구
골목상권,대천로103번길,다이나믹,35,15,50,44,해운대구
골목상권,대영로73번길,상권축소,78,39,50,44,서구
골목상권,대영로45번길,상권축소,83,22,50,44,서구
골목상권,당감로17번길,상권축소,59,33,50,44,부산진구
골목상권,달맞이길65번길,다이나믹,45,26,50,44,해운대구
골목상권,달맞이길62번길,정체,73,45,50,44,해운대구
골목상권,달맞이길117번길,상권축소,75,16,50,44,해운대구
골목상권,다송로72번길,상권축소,85,20,50,44,사하구
골목상권,다대로277번길,다이나믹,48,20,50,44,사하구
골목상권,다대로142번길,상권축소,116,36,50,44,사하구
골목상권,다대로130번길,정체,75,50,50,44,사하구
골목상권,다대낙조2길,다이나믹,40,9,50,44,사하구
골목상권,다대낙조1길,상권축소,52,23,50,44,사하구
골목상권,남항로9번길,정체,118,49,50,44,영도구
골목상권,남항로31번길,정체,165,46,50,44,영도구
골목상권,남포길,상권축소,116,35,50,44,중구
골목상권,남천바다로33번길,정체,72,57,50,44,남구
골목상권,남천바다로21번길,상권축소,66,27,50,44,남구
골목상권,남천바다로10번길,상권축소,58,26,50,44,남구
골목상권,남천동로9번길,정체,112,48,50,44,남구
골목상권,낙동대로535번길,상권축소,75,24,50,44,사하구
골목상권,낙동대로519번길,상권축소,144,39,50,44,사하구
골목상권,낙동대로1780번길,정체,82,46,50,44,사하구
골목상권,낙동대로1210번길,상권축소,61,19,50,44,사하구
골목상권,낙동남로1423번길,상권축소,122,24,50,44,사하구
골목상권,금정로68번길,다이나믹,32,30,50,44,금정구
골목상권,금정로60번길,다이나믹,36,31,50,44,금정구
골목상권,금정로231번길,상권축소,70,30,50,44,금정구
골목상권,금곡대로8번길,상권축소,71,28,50,44,북구
골목상권,금곡대로616번길,상권축소,78,39,50,44,북구
골목상권,금곡대로303번길,상권축소,60,21,50,44,북구
골목상권,금곡대로285번길,상권축소,65,24,50,44,북구
골목상권,금곡대로20번길,상권축소,81,18,50,44,북구
골목상권,금강로565번길,다이나믹,35,44,50,44,금정구
골목상권,금강공원로20번길,상권축소,99,21,50,44,동래구
골목상권,구포시장길,상권축소,130,36,50,44,북구
골목상권,구포만세길,정체,152,69,50,44,북구
골목상권,구덕로296번길,상권축소,201,28,50,44,서구
골목상권,구남로8번길,상권축소,53,19,50,44,해운대구
골목상권,구남로41번길,상권축소,80,40,50,44,해운대구
골목상권,광장로81번길,상권축소,126,41,50,44,사상구
골목상권,광장로37번길,상권축소,106,22,50,44,사상구
골목상권,광일로29번가길,다이나믹,46,26,50,44,수영구
골목상권,광안해변로15번길,상권축소,56,11,50,44,수영구
골목상권,광안로61번길,상권축소,85,32,50,44,수영구
골목상권,광서로10번길,상권축소,79,22,50,44,수영구
골목상권,광복로49번길,상권축소,63,41,50,44,중구
골목상권,광복로39번길,다이나믹,41,18,50,44,중구
골목상권,과학산단로306번길,다이나믹,22,5,50,44,강서구
골목상권,과학산단2로20번길,다이나믹,24,8,50,44,강서구
골목상권,과정로67번길,다이나믹,49,30,50,44,수영구
골목상권,공항로811번길,정체,88,45,50,44,강서구
골목상권,골드테마길,정체,100,69,50,44,부산진구
골목상권,고분로32번길,상권축소,74,27,50,44,연제구
골목상권,고분로13번길,상권축소,119,34,50,44,연제구
골목상권,고동골로78번길,상권축소,70,27,50,44,남구
골목상권,고관로29번길,정체,66,102,50,44,동구
골목상권,거제천로230번길,상권축소,57,27,50,44,연제구
골목상권,가야대로784번길,상권축소,144,36,50,44,부산진구
골목상권,가야대로482번길,상권축소,60,39,50,44,부산진구
골목상권,가야대로306번길,상권축소,99,13,50,44,사상구
골목상권,가야대로284번길,상권축소,52,11,50,44,사상구
골목상권,가야대로282번길,상권축소,104,39,50,44,사상구
발달상권,충렬사역_2,상권축소,69,43,50,44,동래구
발달상권,충렬사역_1,다이나믹,43,42,50,44,동래구
발달상권,중앙역_2,정체,87,45,50,44,중구
발달상권,중앙역_1,정체,89,57,50,44,중구
발달상권,자갈치역,정체,87,49,50,44,중구
발달상권,온천장역,상권확장,48,62,50,44,동래구
발달상권,수안역,상권확장,47,45,50,44,동래구
발달상권,센텀시티역_2,다이나믹,31,17,50,44,해운대구
발달상권,센텀시티역_1,다이나믹,34,12,50,44,해운대구
발달상권,서동역,정체,85,58,50,44,금정구
발달상권,사하역,상권확장,36,51,50,44,사하구
발달상권,사상역_2,상권축소,52,32,50,44,사상구
발달상권,사상역_1,정체,60,65,50,44,사상구
발달상권,부산대역,정체,54,49,50,44,금정구
발달상권,부산 해운대구 해운대역_2,정체,51,60,50,44,해운대구
발달상권,부산 해운대구 해운대역_1,다이나믹,43,44,50,44,해운대구
발달상권,부산 해운대구 장산역_2,다이나믹,44,25,50,44,해운대구
발달상권,부산 해운대구 장산역_1,다이나믹,34,20,50,44,해운대구
발달상권,부산 해운대구 우1동_2,다이나믹,44,41,50,44,해운대구
발달상권,부산 해운대구 우1동_1,다이나믹,34,21,50,44,해운대구
발달상권,부산 영도구 남항동_5,정체,89,64,50,44,영도구
발달상권,부산 영도구 남항동_4,정체,106,56,50,44,영도구
발달상권,부산 영도구 남항동_3,정체,147,77,50,44,영도구
발달상권,부산 영도구 남항동_2,정체,101,89,50,44,영도구
발달상권,부산 연제구 연산동역_6,정체,53,53,50,44,연제구
발달상권,부산 연제구 연산동역_5,정체,65,52,50,44,연제구
발달상권,부산 연제구 연산동역_4,정체,81,52,50,44,연제구
발달상권,부산 연제구 연산동역_3,상권축소,59,42,50,44,연제구
발달상권,부산 연제구 연산동역_2,정체,73,66,50,44,연제구
발달상권,부산 연제구 연산동역_1,정체,61,51,50,44,연제구
발달상권,부산 연제구 연산9동_5,정체,77,46,50,44,연제구
발달상권,부산 연제구 연산9동_1,정체,55,57,50,44,연제구
발달상권,부산 연제구 거제1동_1,다이나믹,41,39,50,44,연제구
발달상권,부산 수영구 수영역_2,정체,61,60,50,44,수영구
발달상권,부산 수영구 수영역_1,정체,66,59,50,44,수영구
발달상권,부산 수영구 민락동_2,상권축소,65,32,50,44,수영구
발달상권,부산 수영구 민락동_1,상권축소,71,43,50,44,수영구
발달상권,부산 수영구 남천1동_1,상권축소,70,43,50,44,수영구
발달상권,부산 서구 자갈치역,정체,92,64,50,44,서구
발달상권,부산 사하구 하단역_2,상권축소,74,42,50,44,사하구
발달상권,부산 사하구 하단역_1,정체,76,55,50,44,사하구
발달상권,부산 사하구 장림2동_2,상권확장,48,62,50,44,사하구
발달상권,부산 사하구 장림2동_1,상권확장,49,63,50,44,사하구
발달상권,부산 사하구 다대1동_2,정체,84,48,50,44,사하구
발달상권,부산 사하구 다대1동_1,정체,64,49,50,44,사하구
발달상권,부산 사하구 괴정역_3,정체,87,49,50,44,사하구
발달상권,부산 사하구 괴정역_2,정체,60,55,50,44,사하구
발달상권,부산 사하구 괴정역_1,정체,67,48,50,44,사하구
발달상권,부산 사상구 엄궁동_2,상권축소,59,40,50,44,사상구
발달상권,부산 사상구 사상역_2,상권확장,42,46,50,44,사상구
발달상권,부산 사상구 사상역_1,정체,70,51,50,44,사상구
발달상권,부산 사상구 감전동_4,다이나믹,48,35,50,44,사상구
발달상권,부산 사상구 감전동_3,다이나믹,33,43,50,44,사상구
발달상권,부산 북구 화명역_2,다이나믹,42,30,50,44,북구
발달상권,부산 북구 화명역_1,다이나믹,47,26,50,44,북구
발달상권,부산 북구 덕천역_4,정체,56,50,50,44,북구
발달상권,부산 북구 덕천역_3,정체,53,68,50,44,북구
발달상권,부산 북구 덕천역_2,다이나믹,73,44,50,44,북구
발달상권,부산 북구 덕천역_1,정체,58,60,50,44,북구
발달상권,부산 부산진구 전포역,다이나믹,26,28,50,44,부산진구
발달상권,부산 부산진구 양정역_2,정체,55,53,50,44,부산진구
발달상권,부산 부산진구 양정역_1,다이나믹,50,59,50,44,부산진구
발달상권,부산 부산진구 서면역_5,정체,72,61,50,44,부산진구
발달상권,부산 부산진구 서면역_4,정체,51,45,50,44,부산진구
발달상권,부산 부산진구 서면역_3,정체,67,65,50,44,부산진구
발달상권,부산 부산진구 서면역_2,다이나믹,47,42,50,44,부산진구
발달상권,부산 부산진구 서면역_1,상권확장,47,52,50,44,부산진구
발달상권,부산 부산진구 부전역_2,정체,64,72,50,44,부산진구
발달상권,부산 부산진구 부전역_1,다이나믹,37,33,50,44,부산진구
발달상권,부산 동래구 사직2동_1,정체,51,46,50,44,동래구
발달상권,부산 동구 부산진역,정체,97,71,50,44,동구
발달상권,부산 동구 부산역,정체,88,74,50,44,동구
발달상권,부산 동구 범일동역_2,다이나믹,37,44,50,44,동구
발달상권,부산 동구 범일동역_2,상권축소,95,42,50,44,동구
발달상권,부산 동구 범일동역_1,정체,52,47,50,44,동구
발달상권,부산 동구 범일동역_1,정체,91,52,50,44,동구
발달상권,부산 남구 용호3동_1,상권축소,63,42,50,44,남구
발달상권,부산 남구 용호1동_1,정체,86,51,50,44,남구
발달상권,부산 남구 대연역,정체,68,56,50,44,남구
발달상권,부산 기장군 기장읍_2,정체,59,51,50,44,기장군
발달상권,부산 금정구 구서동역,정체,53,47,50,44,금정구
발달상권,미남역,상권확장,43,54,50,44,동래구
발달상권,명륜역,다이나믹,38,39,50,44,동래구
발달상권,동아대학교승학캠퍼스,다이나믹,50,63,50,44,사하구
발달상권,동래역,정체,67,46,50,44,동래구
발달상권,당리역_2,다이나믹,61,44,50,44,사하구
발달상권,당리역_1,상권축소,89,43,50,44,사하구
발달상권,남포역_2,정체,66,52,50,44,중구
발달상권,남포역_1,다이나믹,34,25,50,44,중구
발달상권,기장역,다이나믹,63,44,50,44,기장군
발달상권,광안리,상권확장,49,47,50,44,수영구
발달상권,경성대부경대역_3,다이나믹,31,31,50,44,남구
발달상권,경성대부경대역_2,다이나믹,50,35,50,44,남구
발달상권,경성대부경대역_1,다이나믹,45,44,50,44,남구
